Changes made at Sat Aug  9 05:58:18 UTC 2025
Changes made at Thu Nov 20 14:07:22 UTC 2025
Changes made at Thu Nov 20 14:27:11 UTC 2025
Changes made at Thu Nov 20 16:34:30 UTC 2025
Changes made at Fri Nov 21 08:36:14 UTC 2025
Changes made at Fri Nov 21 10:28:37 UTC 2025
Changes made at Fri Nov 21 14:26:04 UTC 2025
Changes made at Fri Nov 21 16:31:42 UTC 2025
Changes made at Sat Nov 22 08:31:36 UTC 2025
Changes made at Sat Nov 22 10:25:02 UTC 2025
Changes made at Sat Nov 22 14:22:07 UTC 2025
Changes made at Sat Nov 22 16:29:54 UTC 2025
Changes made at Sun Nov 23 08:31:47 UTC 2025
